Cellline	breast	urogenital_system	bone	skin	pancreas	digestive_system	blood	thyroid	lung	kidney	soft_tissue	nervous_system	aero_digestive_tract
RERF-LC-MS	NA	NA	NA	NA	NA	NA	NA	NA	Origin	NA	NA	NA	NA
ES1	NA	NA	Origin	NA	NA	NA	NA	NA	NA	NA	NA	NA	NA
A549	NA	NA	NA	NA	NA	NA	NA	NA	Origin	NA	NA	NA	NA
KOSC-2	NA	NA	NA	NA	NA	NA	NA	NA	NA	NA	NA	NA	Origin
Daoy	NA	NA	NA	NA	NA	NA	NA	NA	NA	NA	NA	Origin	NA
NCI-H650	NA	NA	NA	NA	NA	NA	NA	NA	Origin	NA	NA	NA	NA
PANC-10-05	NA	NA	NA	NA	Origin	NA	NA	NA	NA	NA	NA	NA	NA
Raji	NA	NA	NA	NA	NA	NA	Origin	NA	NA	NA	NA	NA	NA
C2BBe1	NA	NA	NA	NA	NA	Origin	NA	NA	NA	NA	NA	NA	NA
MG-63	NA	NA	Origin	NA	NA	NA	NA	NA	NA	NA	NA	NA	NA
SCLC-21H	NA	NA	NA	NA	NA	NA	NA	NA	Origin	NA	NA	NA	NA
LOXIMVI	NA	NA	NA	Origin	NA	NA	NA	NA	NA	NA	NA	NA	NA
KARPAS-45	NA	NA	NA	NA	NA	NA	Origin	NA	NA	NA	NA	NA	NA
T98G	NA	NA	NA	NA	NA	NA	NA	NA	NA	NA	NA	Origin	NA
NB13	NA	NA	NA	NA	NA	NA	NA	NA	NA	NA	NA	Origin	NA
NKM-1	NA	NA	NA	NA	NA	NA	Origin	NA	NA	NA	NA	NA	NA
NCI-H64	NA	NA	NA	NA	NA	NA	NA	NA	Origin	NA	NA	NA	NA
LB373-MEL-D	NA	NA	NA	Origin	NA	NA	NA	NA	NA	NA	NA	NA	NA
A673	NA	NA	NA	NA	NA	NA	NA	NA	NA	NA	Origin	NA	NA
Mewo	NA	NA	NA	Origin	NA	NA	NA	NA	NA	NA	NA	NA	NA
SK-MEL-30	NA	NA	NA	Origin	NA	NA	NA	NA	NA	NA	NA	NA	NA
KS-1	NA	NA	NA	NA	NA	NA	NA	NA	NA	NA	NA	Origin	NA
TE-441-T	NA	NA	NA	NA	NA	NA	NA	NA	NA	NA	Origin	NA	NA
EW-22	NA	NA	Origin	NA	NA	NA	NA	NA	NA	NA	NA	NA	NA
BE-13	NA	NA	NA	NA	NA	NA	Origin	NA	NA	NA	NA	NA	NA
C3A	NA	NA	NA	NA	NA	Origin	NA	NA	NA	NA	NA	NA	NA
CHP-134	NA	NA	NA	NA	NA	NA	NA	NA	NA	NA	NA	Origin	NA
SK-MEL-28	NA	NA	NA	Origin	NA	NA	NA	NA	NA	NA	NA	NA	NA
CAL-27	NA	NA	NA	NA	NA	NA	NA	NA	NA	NA	NA	NA	Origin
639-V	NA	Origin	NA	NA	NA	NA	NA	NA	NA	NA	NA	NA	NA
HLE	NA	NA	NA	NA	NA	Origin	NA	NA	NA	NA	NA	NA	NA
NCI-H2170	NA	NA	NA	NA	NA	NA	NA	NA	Origin	NA	NA	NA	NA
NB69	NA	NA	NA	NA	NA	NA	NA	NA	NA	NA	NA	Origin	NA
THP-1	NA	NA	NA	NA	NA	NA	Origin	NA	NA	NA	NA	NA	NA
GCT	NA	NA	NA	NA	NA	NA	NA	NA	NA	NA	Origin	NA	NA
MC-IXC	NA	NA	NA	NA	NA	NA	NA	NA	NA	NA	NA	Origin	NA
769-P	NA	NA	NA	NA	NA	NA	NA	NA	NA	Origin	NA	NA	NA
NCI-H1650	NA	NA	NA	NA	NA	NA	NA	NA	Origin	NA	NA	NA	NA
RS4-11	NA	NA	NA	NA	NA	NA	Origin	NA	NA	NA	NA	NA	NA
ETK-1	NA	NA	NA	NA	NA	Origin	NA	NA	NA	NA	NA	NA	NA
HT-1376	NA	Origin	NA	NA	NA	NA	NA	NA	NA	NA	NA	NA	NA
SH-4	NA	NA	NA	Origin	NA	NA	NA	NA	NA	NA	NA	NA	NA
697	NA	NA	NA	NA	NA	NA	Origin	NA	NA	NA	NA	NA	NA
RMG-I	NA	Origin	NA	NA	NA	NA	NA	NA	NA	NA	NA	NA	NA
OCI-AML2	NA	NA	NA	NA	NA	NA	Origin	NA	NA	NA	NA	NA	NA
YH-13	NA	NA	NA	NA	NA	NA	NA	NA	NA	NA	NA	Origin	NA
8505C	NA	NA	NA	NA	NA	NA	NA	Origin	NA	NA	NA	NA	NA
MC-CAR	NA	NA	NA	NA	NA	NA	Origin	NA	NA	NA	NA	NA	NA
IM-9	NA	NA	NA	NA	NA	NA	Origin	NA	NA	NA	NA	NA	NA
LB2518-MEL	NA	NA	NA	Origin	NA	NA	NA	NA	NA	NA	NA	NA	NA
SW684	NA	NA	NA	NA	NA	NA	NA	NA	NA	NA	Origin	NA	NA
HuH-7	NA	NA	NA	NA	NA	Origin	NA	NA	NA	NA	NA	NA	NA
CAL-148	Origin	NA	NA	NA	NA	NA	NA	NA	NA	NA	NA	NA	NA
786-0	NA	NA	NA	NA	NA	NA	NA	NA	NA	Origin	NA	NA	NA
HT55	NA	NA	NA	NA	NA	Origin	NA	NA	NA	NA	NA	NA	NA
HCT-15	NA	NA	NA	NA	NA	Origin	NA	NA	NA	NA	NA	NA	NA
D-263MG	NA	NA	NA	NA	NA	NA	NA	NA	NA	NA	NA	Origin	NA
RL	NA	NA	NA	NA	NA	NA	Origin	NA	NA	NA	NA	NA	NA
KARPAS-299	NA	NA	NA	NA	NA	NA	Origin	NA	NA	NA	NA	NA	NA
NALM-6	NA	NA	NA	NA	NA	NA	Origin	NA	NA	NA	NA	NA	NA
CAL-12T	NA	NA	NA	NA	NA	NA	NA	NA	Origin	NA	NA	NA	NA
CHP-126	NA	NA	NA	NA	NA	NA	NA	NA	NA	NA	NA	Origin	NA
EB2	NA	NA	NA	NA	NA	NA	Origin	NA	NA	NA	NA	NA	NA
Ca-Ski	NA	Origin	NA	NA	NA	NA	NA	NA	NA	NA	NA	NA	NA
CTV-1	NA	NA	NA	NA	NA	NA	Origin	NA	NA	NA	NA	NA	NA
MPP-89	NA	NA	NA	NA	NA	NA	NA	NA	Origin	NA	NA	NA	NA
CGTH-W-1	NA	NA	NA	NA	NA	NA	NA	Origin	NA	NA	NA	NA	NA
J-RT3-T3-5	NA	NA	NA	NA	NA	NA	Origin	NA	NA	NA	NA	NA	NA
NOS-1	NA	NA	Origin	NA	NA	NA	NA	NA	NA	NA	NA	NA	NA
NCI-H2342	NA	NA	NA	NA	NA	NA	NA	NA	Origin	NA	NA	NA	NA
SK-MEL-24	NA	NA	NA	Origin	NA	NA	NA	NA	NA	NA	NA	NA	NA
CP66-MEL	NA	NA	NA	Origin	NA	NA	NA	NA	NA	NA	NA	NA	NA
NCI-H1048	NA	NA	NA	NA	NA	NA	NA	NA	Origin	NA	NA	NA	NA
MDA-MB-415	Origin	NA	NA	NA	NA	NA	NA	NA	NA	NA	NA	NA	NA
EW-18	NA	NA	Origin	NA	NA	NA	NA	NA	NA	NA	NA	NA	NA
NCI-H1838	NA	NA	NA	NA	NA	NA	NA	NA	Origin	NA	NA	NA	NA
MHH-NB-11	NA	NA	NA	NA	NA	NA	NA	NA	NA	NA	NA	Origin	NA
BT-20	Origin	NA	NA	NA	NA	NA	NA	NA	NA	NA	NA	NA	NA
AGS	NA	NA	NA	NA	NA	Origin	NA	NA	NA	NA	NA	NA	NA
SCC-9	NA	NA	NA	NA	NA	NA	NA	NA	NA	NA	NA	NA	Origin
CRO-AP2	NA	NA	NA	NA	NA	NA	Origin	NA	NA	NA	NA	NA	NA
CA46	NA	NA	NA	NA	NA	NA	Origin	NA	NA	NA	NA	NA	NA
A172	NA	NA	NA	NA	NA	NA	NA	NA	NA	NA	NA	Origin	NA
HCC1599	Origin	NA	NA	NA	NA	NA	NA	NA	NA	NA	NA	NA	NA
HT-29	NA	NA	NA	NA	NA	Origin	NA	NA	NA	NA	NA	NA	NA
HCE-T	NA	NA	NA	NA	NA	NA	NA	NA	NA	NA	NA	NA	Origin
NCI-SNU-16	NA	NA	NA	NA	NA	Origin	NA	NA	NA	NA	NA	NA	NA
VA-ES-BJ	NA	NA	NA	NA	NA	NA	NA	NA	NA	NA	Origin	NA	NA
MRK-nu-1	Origin	NA	NA	NA	NA	NA	NA	NA	NA	NA	NA	NA	NA
ES8	NA	NA	Origin	NA	NA	NA	NA	NA	NA	NA	NA	NA	NA
HEC-1	NA	Origin	NA	NA	NA	NA	NA	NA	NA	NA	NA	NA	NA
HT-3	NA	Origin	NA	NA	NA	NA	NA	NA	NA	NA	NA	NA	NA
COR-L105	NA	NA	NA	NA	NA	NA	NA	NA	Origin	NA	NA	NA	NA
KGN	NA	Origin	NA	NA	NA	NA	NA	NA	NA	NA	NA	NA	NA
RD	NA	NA	NA	NA	NA	NA	NA	NA	NA	NA	Origin	NA	NA
MDA-MB-231	Origin	NA	NA	NA	NA	NA	NA	NA	NA	NA	NA	NA	NA
CAPAN-1	NA	NA	NA	NA	Origin	NA	NA	NA	NA	NA	NA	NA	NA
RH-18	NA	NA	NA	NA	NA	NA	NA	NA	NA	NA	Origin	NA	NA
SW837	NA	NA	NA	NA	NA	Origin	NA	NA	NA	NA	NA	NA	NA
NCI-H187	NA	NA	NA	NA	NA	NA	NA	NA	Origin	NA	NA	NA	NA
NCI-H250	NA	NA	NA	NA	NA	NA	NA	NA	Origin	NA	NA	NA	NA
KU-19-19	NA	Origin	NA	NA	NA	NA	NA	NA	NA	NA	NA	NA	NA
LB771-HNC	NA	NA	NA	NA	NA	NA	NA	NA	NA	NA	NA	NA	Origin
CMK	NA	NA	NA	NA	NA	NA	Origin	NA	NA	NA	NA	NA	NA
SF268	NA	NA	NA	NA	NA	NA	NA	NA	NA	NA	NA	Origin	NA
OVCAR-3	NA	Origin	NA	NA	NA	NA	NA	NA	NA	NA	NA	NA	NA
T47D	Origin	NA	NA	NA	NA	NA	NA	NA	NA	NA	NA	NA	NA
HCC2998	NA	NA	NA	NA	NA	Origin	NA	NA	NA	NA	NA	NA	NA
C8166	NA	NA	NA	NA	NA	NA	Origin	NA	NA	NA	NA	NA	NA
EHEB	NA	NA	NA	NA	NA	NA	Origin	NA	NA	NA	NA	NA	NA
Daudi	NA	NA	NA	NA	NA	NA	Origin	NA	NA	NA	NA	NA	NA
LU-134-A	NA	NA	NA	NA	NA	NA	NA	NA	Origin	NA	NA	NA	NA
L-428	NA	NA	NA	NA	NA	NA	Origin	NA	NA	NA	NA	NA	NA
NB1	NA	NA	NA	NA	NA	NA	NA	NA	NA	NA	NA	Origin	NA
NCI-H1417	NA	NA	NA	NA	NA	NA	NA	NA	Origin	NA	NA	NA	NA
DMS-79	NA	NA	NA	NA	NA	NA	NA	NA	Origin	NA	NA	NA	NA
EFM-19	Origin	NA	NA	NA	NA	NA	NA	NA	NA	NA	NA	NA	NA
LU-65	NA	NA	NA	NA	NA	NA	NA	NA	Origin	NA	NA	NA	NA
HUTU-80	NA	NA	NA	NA	NA	Origin	NA	NA	NA	NA	NA	NA	NA
MOLT-16	NA	NA	NA	NA	NA	NA	Origin	NA	NA	NA	NA	NA	NA
LB831-BLC	NA	Origin	NA	NA	NA	NA	NA	NA	NA	NA	NA	NA	NA
MES-SA	NA	Origin	NA	NA	NA	NA	NA	NA	NA	NA	NA	NA	NA
CP50-MEL-B	NA	NA	NA	Origin	NA	NA	NA	NA	NA	NA	NA	NA	NA
KYSE-180	NA	NA	NA	NA	NA	NA	NA	NA	NA	NA	NA	NA	Origin
TI-73	NA	NA	Origin	NA	NA	NA	NA	NA	NA	NA	NA	NA	NA
GB-1	NA	NA	NA	NA	NA	NA	NA	NA	NA	NA	NA	Origin	NA
NCI-H209	NA	NA	NA	NA	NA	NA	NA	NA	Origin	NA	NA	NA	NA
A2780	NA	Origin	NA	NA	NA	NA	NA	NA	NA	NA	NA	NA	NA
TE-5	NA	NA	NA	NA	NA	NA	NA	NA	NA	NA	NA	NA	Origin
BPH-1	NA	Origin	NA	NA	NA	NA	NA	NA	NA	NA	NA	NA	NA
SW872	NA	NA	NA	NA	NA	NA	NA	NA	NA	NA	Origin	NA	NA
MHH-ES-1	NA	NA	Origin	NA	NA	NA	NA	NA	NA	NA	NA	NA	NA
MFE-280	NA	Origin	NA	NA	NA	NA	NA	NA	NA	NA	NA	NA	NA
Caov-4	NA	Origin	NA	NA	NA	NA	NA	NA	NA	NA	NA	NA	NA
NCI-H1437	NA	NA	NA	NA	NA	NA	NA	NA	Origin	NA	NA	NA	NA
OVCAR-4	NA	Origin	NA	NA	NA	NA	NA	NA	NA	NA	NA	NA	NA
EFE-184	NA	Origin	NA	NA	NA	NA	NA	NA	NA	NA	NA	NA	NA
DMS-114	NA	NA	NA	NA	NA	NA	NA	NA	Origin	NA	NA	NA	NA
LU-139	NA	NA	NA	NA	NA	NA	NA	NA	Origin	NA	NA	NA	NA
PA-1	NA	Origin	NA	NA	NA	NA	NA	NA	NA	NA	NA	NA	NA
DOHH-2	NA	NA	NA	NA	NA	NA	Origin	NA	NA	NA	NA	NA	NA
SCH	NA	NA	NA	NA	NA	Origin	NA	NA	NA	NA	NA	NA	NA
NCI-H322M	NA	NA	NA	NA	NA	NA	NA	NA	Origin	NA	NA	NA	NA
HCC1806	Origin	NA	NA	NA	NA	NA	NA	NA	NA	NA	NA	NA	NA
COLO-800	NA	NA	NA	Origin	NA	NA	NA	NA	NA	NA	NA	NA	NA
OE33	NA	NA	NA	NA	NA	NA	NA	NA	NA	NA	NA	NA	Origin
CAL-51	Origin	NA	NA	NA	NA	NA	NA	NA	NA	NA	NA	NA	NA
HL-60	NA	NA	NA	NA	NA	NA	Origin	NA	NA	NA	NA	NA	NA
DMS-153	NA	NA	NA	NA	NA	NA	NA	NA	Origin	NA	NA	NA	NA
NCI-H128	NA	NA	NA	NA	NA	NA	NA	NA	Origin	NA	NA	NA	NA
EC-GI-10	NA	NA	NA	NA	NA	NA	NA	NA	NA	NA	NA	NA	Origin
SK-MEL-1	NA	NA	NA	Origin	NA	NA	NA	NA	NA	NA	NA	NA	NA
DBTRG-05MG	NA	NA	NA	NA	NA	NA	NA	NA	NA	NA	NA	Origin	NA
U-118-MG	NA	NA	NA	NA	NA	NA	NA	NA	NA	NA	NA	Origin	NA
WM-115	NA	NA	NA	Origin	NA	NA	NA	NA	NA	NA	NA	NA	NA
SBC-5	NA	NA	NA	NA	NA	NA	NA	NA	Origin	NA	NA	NA	NA
DOK	NA	NA	NA	NA	NA	NA	NA	NA	NA	NA	NA	NA	Origin
SNB75	NA	NA	NA	NA	NA	NA	NA	NA	NA	NA	NA	Origin	NA
ECC12	NA	NA	NA	NA	NA	Origin	NA	NA	NA	NA	NA	NA	NA
JAR	NA	Origin	NA	NA	NA	NA	NA	NA	NA	NA	NA	NA	NA
PC-3	NA	Origin	NA	NA	NA	NA	NA	NA	NA	NA	NA	NA	NA
A704	NA	NA	NA	NA	NA	NA	NA	NA	NA	Origin	NA	NA	NA
HMV-II	NA	NA	NA	Origin	NA	NA	NA	NA	NA	NA	NA	NA	NA
HCC38	Origin	NA	NA	NA	NA	NA	NA	NA	NA	NA	NA	NA	NA
NCI-H1651	NA	NA	NA	NA	NA	NA	NA	NA	Origin	NA	NA	NA	NA
HOP-62	NA	NA	NA	NA	NA	NA	NA	NA	Origin	NA	NA	NA	NA
SK-OV-3	NA	Origin	NA	NA	NA	NA	NA	NA	NA	NA	NA	NA	NA
MV-4-11	NA	NA	NA	NA	NA	NA	Origin	NA	NA	NA	NA	NA	NA
NY	NA	NA	Origin	NA	NA	NA	NA	NA	NA	NA	NA	NA	NA
FADU	NA	NA	NA	NA	NA	NA	NA	NA	NA	NA	NA	NA	Origin
GCIY	NA	NA	NA	NA	NA	Origin	NA	NA	NA	NA	NA	NA	NA
CCF-STTG1	NA	NA	NA	NA	NA	NA	NA	NA	NA	NA	NA	Origin	NA
CAL-33	NA	NA	NA	NA	NA	NA	NA	NA	NA	NA	NA	NA	Origin
NCI-H727	NA	NA	NA	NA	NA	NA	NA	NA	Origin	NA	NA	NA	NA
SNU-475	NA	NA	NA	NA	NA	Origin	NA	NA	NA	NA	NA	NA	NA
SJRH30	NA	NA	NA	NA	NA	NA	NA	NA	NA	NA	Origin	NA	NA
NCI-H720	NA	NA	NA	NA	NA	NA	NA	NA	Origin	NA	NA	NA	NA
HO-1-N-1	NA	NA	NA	NA	NA	NA	NA	NA	NA	NA	NA	NA	Origin
COLO-824	Origin	NA	NA	NA	NA	NA	NA	NA	NA	NA	NA	NA	NA
HGC-27	NA	NA	NA	NA	NA	Origin	NA	NA	NA	NA	NA	NA	NA
COLO-678	NA	NA	NA	NA	NA	Origin	NA	NA	NA	NA	NA	NA	NA
J82	NA	Origin	NA	NA	NA	NA	NA	NA	NA	NA	NA	NA	NA
ARH-77	NA	NA	NA	NA	NA	NA	Origin	NA	NA	NA	NA	NA	NA
RPMI-8402	NA	NA	NA	NA	NA	NA	Origin	NA	NA	NA	NA	NA	NA
TGBC1TKB	NA	NA	NA	NA	NA	Origin	NA	NA	NA	NA	NA	NA	NA
NCI-H1666	NA	NA	NA	NA	NA	NA	NA	NA	Origin	NA	NA	NA	NA
SK-MEL-3	NA	NA	NA	Origin	NA	NA	NA	NA	NA	NA	NA	NA	NA
NCI-H1694	NA	NA	NA	NA	NA	NA	NA	NA	Origin	NA	NA	NA	NA
SNG-M	NA	Origin	NA	NA	NA	NA	NA	NA	NA	NA	NA	NA	NA
NCI-H2347	NA	NA	NA	NA	NA	NA	NA	NA	Origin	NA	NA	NA	NA
KU812	NA	NA	NA	NA	NA	NA	Origin	NA	NA	NA	NA	NA	NA
ESS-1	NA	Origin	NA	NA	NA	NA	NA	NA	NA	NA	NA	NA	NA
PC-14	NA	NA	NA	NA	NA	NA	NA	NA	Origin	NA	NA	NA	NA
LXF-289	NA	NA	NA	NA	NA	NA	NA	NA	Origin	NA	NA	NA	NA
KYSE-410	NA	NA	NA	NA	NA	NA	NA	NA	NA	NA	NA	NA	Origin
CAL-54	NA	NA	NA	NA	NA	NA	NA	NA	NA	Origin	NA	NA	NA
CAL-120	Origin	NA	NA	NA	NA	NA	NA	NA	NA	NA	NA	NA	NA
MDA-MB-453	Origin	NA	NA	NA	NA	NA	NA	NA	NA	NA	NA	NA	NA
NCI-H1648	NA	NA	NA	NA	NA	NA	NA	NA	Origin	NA	NA	NA	NA
MSTO-211H	NA	NA	NA	NA	NA	NA	NA	NA	Origin	NA	NA	NA	NA
ALL-PO	NA	NA	NA	NA	NA	NA	Origin	NA	NA	NA	NA	NA	NA
RH-1	NA	NA	NA	NA	NA	NA	NA	NA	NA	NA	Origin	NA	NA
SW1116	NA	NA	NA	NA	NA	Origin	NA	NA	NA	NA	NA	NA	NA
BFTC-905	NA	Origin	NA	NA	NA	NA	NA	NA	NA	NA	NA	NA	NA
LC-1F	NA	NA	NA	NA	NA	NA	NA	NA	Origin	NA	NA	NA	NA
SK-LMS-1	NA	NA	NA	NA	NA	NA	NA	NA	NA	NA	Origin	NA	NA
A3-KAW	NA	NA	NA	NA	NA	NA	Origin	NA	NA	NA	NA	NA	NA
YAPC	NA	NA	NA	NA	Origin	NA	NA	NA	NA	NA	NA	NA	NA
SNU-C2B	NA	NA	NA	NA	NA	Origin	NA	NA	NA	NA	NA	NA	NA
ACHN	NA	NA	NA	NA	NA	NA	NA	NA	NA	Origin	NA	NA	NA
LCLC-103H	NA	NA	NA	NA	NA	NA	NA	NA	Origin	NA	NA	NA	NA
SUP-T1	NA	NA	NA	NA	NA	NA	Origin	NA	NA	NA	NA	NA	NA
BT-549	Origin	NA	NA	NA	NA	NA	NA	NA	NA	NA	NA	NA	NA
KE-37	NA	NA	NA	NA	NA	NA	Origin	NA	NA	NA	NA	NA	NA
NCI-H1395	NA	NA	NA	NA	NA	NA	NA	NA	Origin	NA	NA	NA	NA
NCI-H82	NA	NA	NA	NA	NA	NA	NA	NA	Origin	NA	NA	NA	NA
U031	NA	NA	NA	NA	NA	NA	NA	NA	NA	Origin	NA	NA	NA
EPLC-272H	NA	NA	NA	NA	NA	NA	NA	NA	Origin	NA	NA	NA	NA
PFSK-1	NA	NA	NA	NA	NA	NA	NA	NA	NA	NA	NA	Origin	NA
NCI-H358	NA	NA	NA	NA	NA	NA	NA	NA	Origin	NA	NA	NA	NA
BT-474	Origin	NA	NA	NA	NA	NA	NA	NA	NA	NA	NA	NA	NA
SW1417	NA	NA	NA	NA	NA	Origin	NA	NA	NA	NA	NA	NA	NA
LOUCY	NA	NA	NA	NA	NA	NA	Origin	NA	NA	NA	NA	NA	NA
A253	NA	NA	NA	NA	NA	NA	NA	NA	NA	NA	NA	NA	Origin
SW900	NA	NA	NA	NA	NA	NA	NA	NA	Origin	NA	NA	NA	NA
ZR-75-30	Origin	NA	NA	NA	NA	NA	NA	NA	NA	NA	NA	NA	NA
SNU-387	NA	NA	NA	NA	NA	Origin	NA	NA	NA	NA	NA	NA	NA
NOMO-1	NA	NA	NA	NA	NA	NA	Origin	NA	NA	NA	NA	NA	NA
GMS-10	NA	NA	NA	NA	NA	NA	NA	NA	NA	NA	NA	Origin	NA
SNU-423	NA	NA	NA	NA	NA	Origin	NA	NA	NA	NA	NA	NA	NA
NCI-H520	NA	NA	NA	NA	NA	NA	NA	NA	Origin	NA	NA	NA	NA
SK-LU-1	NA	NA	NA	NA	NA	NA	NA	NA	Origin	NA	NA	NA	NA
NCI-H596	NA	NA	NA	NA	NA	NA	NA	NA	Origin	NA	NA	NA	NA
KYSE-70	NA	NA	NA	NA	NA	NA	NA	NA	NA	NA	NA	NA	Origin
SW756	NA	Origin	NA	NA	NA	NA	NA	NA	NA	NA	NA	NA	NA
NCI-H1770	NA	NA	NA	NA	NA	NA	NA	NA	Origin	NA	NA	NA	NA
NCI-H2227	NA	NA	NA	NA	NA	NA	NA	NA	Origin	NA	NA	NA	NA
IPC-298	NA	NA	NA	Origin	NA	NA	NA	NA	NA	NA	NA	NA	NA
YKG-1	NA	NA	NA	NA	NA	NA	NA	NA	NA	NA	NA	Origin	NA
MOLT-4	NA	NA	NA	NA	NA	NA	Origin	NA	NA	NA	NA	NA	NA
SCC-15	NA	NA	NA	NA	NA	NA	NA	NA	NA	NA	NA	NA	Origin
CTB-1	NA	NA	NA	NA	NA	NA	Origin	NA	NA	NA	NA	NA	NA
NB17	NA	NA	NA	NA	NA	NA	NA	NA	NA	NA	NA	Origin	NA
NCI-H1975	NA	NA	NA	NA	NA	NA	NA	NA	Origin	NA	NA	NA	NA
RPMI-6666	NA	NA	NA	NA	NA	NA	Origin	NA	NA	NA	NA	NA	NA
L-363	NA	NA	NA	NA	NA	NA	Origin	NA	NA	NA	NA	NA	NA
BC-3	NA	NA	NA	NA	NA	NA	Origin	NA	NA	NA	NA	NA	NA
SNU-C1	NA	NA	NA	NA	NA	Origin	NA	NA	NA	NA	NA	NA	NA
CAL-85-1	Origin	NA	NA	NA	NA	NA	NA	NA	NA	NA	NA	NA	NA
LoVo	NA	NA	NA	NA	NA	Origin	NA	NA	NA	NA	NA	NA	NA
MDA-MB-175-VII	Origin	NA	NA	NA	NA	NA	NA	NA	NA	NA	NA	NA	NA
SR	NA	NA	NA	NA	NA	NA	Origin	NA	NA	NA	NA	NA	NA
MKN28	NA	NA	NA	NA	NA	Origin	NA	NA	NA	NA	NA	NA	NA
SW780	NA	Origin	NA	NA	NA	NA	NA	NA	NA	NA	NA	NA	NA
SBC-1	NA	NA	NA	NA	NA	NA	NA	NA	Origin	NA	NA	NA	NA
Mo-T	NA	NA	NA	NA	NA	NA	Origin	NA	NA	NA	NA	NA	NA
KP-N-YS	NA	NA	NA	NA	NA	NA	NA	NA	NA	NA	NA	Origin	NA
ES3	NA	NA	Origin	NA	NA	NA	NA	NA	NA	NA	NA	NA	NA
A2058	NA	NA	NA	Origin	NA	NA	NA	NA	NA	NA	NA	NA	NA
SK-PN-DW	NA	NA	Origin	NA	NA	NA	NA	NA	NA	NA	NA	NA	NA
HuCCT1	NA	NA	NA	NA	NA	Origin	NA	NA	NA	NA	NA	NA	NA
EFO-27	NA	Origin	NA	NA	NA	NA	NA	NA	NA	NA	NA	NA	NA
P30-OHK	NA	NA	NA	NA	NA	NA	Origin	NA	NA	NA	NA	NA	NA
EW-16	NA	NA	Origin	NA	NA	NA	NA	NA	NA	NA	NA	NA	NA
COLO-679	NA	NA	NA	Origin	NA	NA	NA	NA	NA	NA	NA	NA	NA
EB-3	NA	NA	NA	NA	NA	NA	Origin	NA	NA	NA	NA	NA	NA
SW954	NA	Origin	NA	NA	NA	NA	NA	NA	NA	NA	NA	NA	NA
CHP-212	NA	NA	NA	NA	NA	NA	NA	NA	NA	NA	NA	Origin	NA
NCI-H2291	NA	NA	NA	NA	NA	NA	NA	NA	Origin	NA	NA	NA	NA
TE-10	NA	NA	NA	NA	NA	NA	NA	NA	NA	NA	NA	NA	Origin
KYSE-270	NA	NA	NA	NA	NA	NA	NA	NA	NA	NA	NA	NA	Origin
NB5	NA	NA	NA	NA	NA	NA	NA	NA	NA	NA	NA	Origin	NA
CP67-MEL	NA	NA	NA	Origin	NA	NA	NA	NA	NA	NA	NA	NA	NA
PANC-03-27	NA	NA	NA	NA	Origin	NA	NA	NA	NA	NA	NA	NA	NA
NCI-SNU-5	NA	NA	NA	NA	NA	Origin	NA	NA	NA	NA	NA	NA	NA
SF126	NA	NA	NA	NA	NA	NA	NA	NA	NA	NA	NA	Origin	NA
NCI-H1993	NA	NA	NA	NA	NA	NA	NA	NA	Origin	NA	NA	NA	NA
A204	NA	NA	NA	NA	NA	NA	NA	NA	NA	NA	Origin	NA	NA
ABC-1	NA	NA	NA	NA	NA	NA	NA	NA	Origin	NA	NA	NA	NA
JVM-3	NA	NA	NA	NA	NA	NA	Origin	NA	NA	NA	NA	NA	NA
U-698-M	NA	NA	NA	NA	NA	NA	Origin	NA	NA	NA	NA	NA	NA
HSC-2	NA	NA	NA	NA	NA	NA	NA	NA	NA	NA	NA	NA	Origin
NCI-H1693	NA	NA	NA	NA	NA	NA	NA	NA	Origin	NA	NA	NA	NA
D-247MG	NA	NA	NA	NA	NA	NA	NA	NA	NA	NA	NA	Origin	NA
LAMA-84	NA	NA	NA	NA	NA	NA	Origin	NA	NA	NA	NA	NA	NA
TCCSUP	NA	Origin	NA	NA	NA	NA	NA	NA	NA	NA	NA	NA	NA
HuP-T3	NA	NA	NA	NA	Origin	NA	NA	NA	NA	NA	NA	NA	NA
RT4	NA	Origin	NA	NA	NA	NA	NA	NA	NA	NA	NA	NA	NA
G-361	NA	NA	NA	Origin	NA	NA	NA	NA	NA	NA	NA	NA	NA
MOLT-13	NA	NA	NA	NA	NA	NA	Origin	NA	NA	NA	NA	NA	NA
BFTC-909	NA	NA	NA	NA	NA	NA	NA	NA	NA	Origin	NA	NA	NA
KM12	NA	NA	NA	NA	NA	Origin	NA	NA	NA	NA	NA	NA	NA
C-33-A	NA	Origin	NA	NA	NA	NA	NA	NA	NA	NA	NA	NA	NA
Ca9-22	NA	NA	NA	NA	NA	NA	NA	NA	NA	NA	NA	NA	Origin
MDA-MB-361	Origin	NA	NA	NA	NA	NA	NA	NA	NA	NA	NA	NA	NA
U251	NA	NA	NA	NA	NA	NA	NA	NA	NA	NA	NA	Origin	NA
BL-41	NA	NA	NA	NA	NA	NA	Origin	NA	NA	NA	NA	NA	NA
LC4-1	NA	NA	NA	NA	NA	NA	Origin	NA	NA	NA	NA	NA	NA
NCI-H748	NA	NA	NA	NA	NA	NA	NA	NA	Origin	NA	NA	NA	NA
MCF7	Origin	NA	NA	NA	NA	NA	NA	NA	NA	NA	NA	NA	NA
KASUMI-1	NA	NA	NA	NA	NA	NA	Origin	NA	NA	NA	NA	NA	NA
LS-1034	NA	NA	NA	NA	NA	Origin	NA	NA	NA	NA	NA	NA	NA
RPMI-8226	NA	NA	NA	NA	NA	NA	Origin	NA	NA	NA	NA	NA	NA
CAS-1	NA	NA	NA	NA	NA	NA	NA	NA	NA	NA	NA	Origin	NA
H4	NA	NA	NA	NA	NA	NA	NA	NA	NA	NA	NA	Origin	NA
NCI-H1092	NA	NA	NA	NA	NA	NA	NA	NA	Origin	NA	NA	NA	NA
ChaGo-K-1	NA	NA	NA	NA	NA	NA	NA	NA	Origin	NA	NA	NA	NA
NCI-H889	NA	NA	NA	NA	NA	NA	NA	NA	Origin	NA	NA	NA	NA
MLMA	NA	NA	NA	NA	NA	NA	Origin	NA	NA	NA	NA	NA	NA
Ramos-2G6-4C10	NA	NA	NA	NA	NA	NA	Origin	NA	NA	NA	NA	NA	NA
A101D	NA	NA	NA	Origin	NA	NA	NA	NA	NA	NA	NA	NA	NA
ONS-76	NA	NA	NA	NA	NA	NA	NA	NA	NA	NA	NA	Origin	NA
Hs-578-T	Origin	NA	NA	NA	NA	NA	NA	NA	NA	NA	NA	NA	NA
IGR-1	NA	NA	NA	Origin	NA	NA	NA	NA	NA	NA	NA	NA	NA
EW-3	NA	NA	Origin	NA	NA	NA	NA	NA	NA	NA	NA	NA	NA
NBsusSR	NA	NA	NA	NA	NA	NA	NA	NA	NA	NA	NA	Origin	NA
LU-99A	NA	NA	NA	NA	NA	NA	NA	NA	Origin	NA	NA	NA	NA
COR-L279	NA	NA	NA	NA	NA	NA	NA	NA	Origin	NA	NA	NA	NA
COR-L88	NA	NA	NA	NA	NA	NA	NA	NA	Origin	NA	NA	NA	NA
LAN-6	NA	NA	NA	NA	NA	NA	NA	NA	NA	NA	NA	Origin	NA
NCI-H630	NA	NA	NA	NA	NA	Origin	NA	NA	NA	NA	NA	NA	NA
HCC1143	Origin	NA	NA	NA	NA	NA	NA	NA	NA	NA	NA	NA	NA
NCI-H1299	NA	NA	NA	NA	NA	NA	NA	NA	Origin	NA	NA	NA	NA
AN3-CA	NA	Origin	NA	NA	NA	NA	NA	NA	NA	NA	NA	NA	NA
KALS-1	NA	NA	NA	NA	NA	NA	NA	NA	NA	NA	NA	Origin	NA
KP-N-YN	NA	NA	NA	NA	NA	NA	NA	NA	NA	NA	NA	Origin	NA
IST-MES1	NA	NA	NA	NA	NA	NA	NA	NA	Origin	NA	NA	NA	NA
HCC1569	Origin	NA	NA	NA	NA	NA	NA	NA	NA	NA	NA	NA	NA
IST-SL1	NA	NA	NA	NA	NA	NA	NA	NA	Origin	NA	NA	NA	NA
Capan-2	NA	NA	NA	NA	Origin	NA	NA	NA	NA	NA	NA	NA	NA
NB12	NA	NA	NA	NA	NA	NA	NA	NA	NA	NA	NA	Origin	NA
AM-38	NA	NA	NA	NA	NA	NA	NA	NA	NA	NA	NA	Origin	NA
RPMI-8866	NA	NA	NA	NA	NA	NA	Origin	NA	NA	NA	NA	NA	NA
GI-ME-N	NA	NA	NA	NA	NA	NA	NA	NA	NA	NA	NA	Origin	NA
OVCAR-5	NA	Origin	NA	NA	NA	NA	NA	NA	NA	NA	NA	NA	NA
MIA-PaCa-2	NA	NA	NA	NA	Origin	NA	NA	NA	NA	NA	NA	NA	NA
NCI-H1436	NA	NA	NA	NA	NA	NA	NA	NA	Origin	NA	NA	NA	NA
EW-1	NA	NA	Origin	NA	NA	NA	NA	NA	NA	NA	NA	NA	NA
BL-70	NA	NA	NA	NA	NA	NA	Origin	NA	NA	NA	NA	NA	NA
HSC-4	NA	NA	NA	NA	NA	NA	NA	NA	NA	NA	NA	NA	Origin
ES6	NA	NA	Origin	NA	NA	NA	NA	NA	NA	NA	NA	NA	NA
NCI-H2009	NA	NA	NA	NA	NA	NA	NA	NA	Origin	NA	NA	NA	NA
NCI-H510A	NA	NA	NA	NA	NA	NA	NA	NA	Origin	NA	NA	NA	NA
NCI-H1355	NA	NA	NA	NA	NA	NA	NA	NA	Origin	NA	NA	NA	NA
U-87-MG	NA	NA	NA	NA	NA	NA	NA	NA	NA	NA	NA	Origin	NA
SIMA	NA	NA	NA	NA	NA	NA	NA	NA	NA	NA	NA	Origin	NA
IA-LM	NA	NA	NA	NA	NA	NA	NA	NA	Origin	NA	NA	NA	NA
NCCIT	NA	Origin	NA	NA	NA	NA	NA	NA	NA	NA	NA	NA	NA
WSU-NHL	NA	NA	NA	NA	NA	NA	Origin	NA	NA	NA	NA	NA	NA
NUGC-3	NA	NA	NA	NA	NA	Origin	NA	NA	NA	NA	NA	NA	NA
NCI-H2087	NA	NA	NA	NA	NA	NA	NA	NA	Origin	NA	NA	NA	NA
HCC2218	Origin	NA	NA	NA	NA	NA	NA	NA	NA	NA	NA	NA	NA
TGW	NA	NA	NA	NA	NA	NA	NA	NA	NA	NA	NA	Origin	NA
HCT-116	NA	NA	NA	NA	NA	Origin	NA	NA	NA	NA	NA	NA	NA
SK-MG-1	NA	NA	NA	NA	NA	NA	NA	NA	NA	NA	NA	Origin	NA
NCI-H292	NA	NA	NA	NA	NA	NA	NA	NA	Origin	NA	NA	NA	NA
NCI-H2196	NA	NA	NA	NA	NA	NA	NA	NA	Origin	NA	NA	NA	NA
NTERA-S-cl-D1	NA	Origin	NA	NA	NA	NA	NA	NA	NA	NA	NA	NA	NA
Becker	NA	NA	NA	NA	NA	NA	NA	NA	NA	NA	NA	Origin	NA
PSN1	NA	NA	NA	NA	Origin	NA	NA	NA	NA	NA	NA	NA	NA
TT	NA	NA	NA	NA	NA	NA	NA	Origin	NA	NA	NA	NA	NA
MMAC-SF	NA	NA	NA	Origin	NA	NA	NA	NA	NA	NA	NA	NA	NA
NCI-H1793	NA	NA	NA	NA	NA	NA	NA	NA	Origin	NA	NA	NA	NA
HPAF-II	NA	NA	NA	NA	Origin	NA	NA	NA	NA	NA	NA	NA	NA
NCI-H28	NA	NA	NA	NA	NA	NA	NA	NA	Origin	NA	NA	NA	NA
MFH-ino	NA	NA	NA	NA	NA	NA	NA	NA	NA	NA	Origin	NA	NA
LCLC-97TM1	NA	NA	NA	NA	NA	NA	NA	NA	Origin	NA	NA	NA	NA
CW-2	NA	NA	NA	NA	NA	Origin	NA	NA	NA	NA	NA	NA	NA
C-4-II	NA	Origin	NA	NA	NA	NA	NA	NA	NA	NA	NA	NA	NA
UACC-257	NA	NA	NA	Origin	NA	NA	NA	NA	NA	NA	NA	NA	NA
T-24	NA	Origin	NA	NA	NA	NA	NA	NA	NA	NA	NA	NA	NA
DEL	NA	NA	NA	NA	NA	NA	Origin	NA	NA	NA	NA	NA	NA
RL95-2	NA	Origin	NA	NA	NA	NA	NA	NA	NA	NA	NA	NA	NA
TUR	NA	NA	NA	NA	NA	NA	Origin	NA	NA	NA	NA	NA	NA
SK-MEL-2	NA	NA	NA	Origin	NA	NA	NA	NA	NA	NA	NA	NA	NA
NCI-H1304	NA	NA	NA	NA	NA	NA	NA	NA	Origin	NA	NA	NA	NA
NCI-H1581	NA	NA	NA	NA	NA	NA	NA	NA	Origin	NA	NA	NA	NA
NCI-H460	NA	NA	NA	NA	NA	NA	NA	NA	Origin	NA	NA	NA	NA
TK10	NA	NA	NA	NA	NA	NA	NA	NA	NA	Origin	NA	NA	NA
OMC-1	NA	Origin	NA	NA	NA	NA	NA	NA	NA	NA	NA	NA	NA
NCI-H1734	NA	NA	NA	NA	NA	NA	NA	NA	Origin	NA	NA	NA	NA
ECC10	NA	NA	NA	NA	NA	Origin	NA	NA	NA	NA	NA	NA	NA
LS-513	NA	NA	NA	NA	NA	Origin	NA	NA	NA	NA	NA	NA	NA
TGBC24TKB	NA	NA	NA	NA	NA	Origin	NA	NA	NA	NA	NA	NA	NA
SK-HEP-1	NA	NA	NA	NA	NA	Origin	NA	NA	NA	NA	NA	NA	NA
SIG-M5	NA	NA	NA	NA	NA	NA	Origin	NA	NA	NA	NA	NA	NA
COR-L23	NA	NA	NA	NA	NA	NA	NA	NA	Origin	NA	NA	NA	NA
MEG-01	NA	NA	NA	NA	NA	NA	Origin	NA	NA	NA	NA	NA	NA
BB30-HNC	NA	NA	NA	NA	NA	NA	NA	NA	NA	NA	NA	NA	Origin
RPMI-2650	NA	NA	NA	NA	NA	NA	NA	NA	NA	NA	NA	NA	Origin
LB1047-RCC	NA	NA	NA	NA	NA	NA	NA	NA	NA	Origin	NA	NA	NA
GI-1	NA	NA	NA	NA	NA	NA	NA	NA	NA	NA	NA	Origin	NA
SW48	NA	NA	NA	NA	NA	Origin	NA	NA	NA	NA	NA	NA	NA
NCI-H1963	NA	NA	NA	NA	NA	NA	NA	NA	Origin	NA	NA	NA	NA
JEG-3	NA	Origin	NA	NA	NA	NA	NA	NA	NA	NA	NA	NA	NA
MEL-JUSO	NA	NA	NA	Origin	NA	NA	NA	NA	NA	NA	NA	NA	NA
NCI-H2171	NA	NA	NA	NA	NA	NA	NA	NA	Origin	NA	NA	NA	NA
NCI-N87	NA	NA	NA	NA	NA	Origin	NA	NA	NA	NA	NA	NA	NA
MFE-296	NA	Origin	NA	NA	NA	NA	NA	NA	NA	NA	NA	NA	NA
647-V	NA	Origin	NA	NA	NA	NA	NA	NA	NA	NA	NA	NA	NA
TE-8	NA	NA	NA	NA	NA	NA	NA	NA	NA	NA	NA	NA	Origin
CAL-72	NA	NA	Origin	NA	NA	NA	NA	NA	NA	NA	NA	NA	NA
RT-112	NA	Origin	NA	NA	NA	NA	NA	NA	NA	NA	NA	NA	NA
NB14	NA	NA	NA	NA	NA	NA	NA	NA	NA	NA	NA	Origin	NA
HT-144	NA	NA	NA	Origin	NA	NA	NA	NA	NA	NA	NA	NA	NA
22RV1	NA	Origin	NA	NA	NA	NA	NA	NA	NA	NA	NA	NA	NA
MS-1	NA	NA	NA	NA	NA	NA	NA	NA	Origin	NA	NA	NA	NA
SCC-25	NA	NA	NA	NA	NA	NA	NA	NA	NA	NA	NA	NA	Origin
OS-RC-2	NA	NA	NA	NA	NA	NA	NA	NA	NA	Origin	NA	NA	NA
GAK	NA	NA	NA	Origin	NA	NA	NA	NA	NA	NA	NA	NA	NA
BALL-1	NA	NA	NA	NA	NA	NA	Origin	NA	NA	NA	NA	NA	NA
COLO-792	NA	NA	NA	Origin	NA	NA	NA	NA	NA	NA	NA	NA	NA
COLO-668	NA	NA	NA	NA	NA	NA	NA	NA	Origin	NA	NA	NA	NA
HC-1	NA	NA	NA	NA	NA	NA	Origin	NA	NA	NA	NA	NA	NA
SF539	NA	NA	NA	NA	NA	NA	NA	NA	NA	NA	NA	Origin	NA
SK-UT-1	NA	NA	NA	NA	NA	NA	NA	NA	NA	NA	Origin	NA	NA
SW962	NA	Origin	NA	NA	NA	NA	NA	NA	NA	NA	NA	NA	NA
HTC-C3	NA	NA	NA	NA	NA	NA	NA	Origin	NA	NA	NA	NA	NA
SKM-1	NA	NA	NA	NA	NA	NA	Origin	NA	NA	NA	NA	NA	NA
IST-MEL1	NA	NA	NA	Origin	NA	NA	NA	NA	NA	NA	NA	NA	NA
KMOE-2	NA	NA	NA	NA	NA	NA	Origin	NA	NA	NA	NA	NA	NA
SK-N-FI	NA	NA	NA	NA	NA	NA	NA	NA	NA	NA	NA	Origin	NA
NCI-H1792	NA	NA	NA	NA	NA	NA	NA	NA	Origin	NA	NA	NA	NA
no-11	NA	NA	NA	NA	NA	NA	NA	NA	NA	NA	NA	Origin	NA
NCI-H524	NA	NA	NA	NA	NA	NA	NA	NA	Origin	NA	NA	NA	NA
CHL-1	NA	NA	NA	Origin	NA	NA	NA	NA	NA	NA	NA	NA	NA
G-402	NA	NA	NA	NA	NA	NA	NA	NA	NA	NA	Origin	NA	NA
GP5d	NA	NA	NA	NA	NA	Origin	NA	NA	NA	NA	NA	NA	NA
LB647-SCLC	NA	NA	NA	NA	NA	NA	NA	NA	Origin	NA	NA	NA	NA
COLO-684	NA	Origin	NA	NA	NA	NA	NA	NA	NA	NA	NA	NA	NA
SW620	NA	NA	NA	NA	NA	Origin	NA	NA	NA	NA	NA	NA	NA
Calu-1	NA	NA	NA	NA	NA	NA	NA	NA	Origin	NA	NA	NA	NA
LB996-RCC	NA	NA	NA	NA	NA	NA	NA	NA	NA	Origin	NA	NA	NA
TALL-1	NA	NA	NA	NA	NA	NA	Origin	NA	NA	NA	NA	NA	NA
H-EMC-SS	NA	NA	Origin	NA	NA	NA	NA	NA	NA	NA	NA	NA	NA
RKO	NA	NA	NA	NA	NA	Origin	NA	NA	NA	NA	NA	NA	NA
Calu-6	NA	NA	NA	NA	NA	NA	NA	NA	Origin	NA	NA	NA	NA
MONO-MAC-6	NA	NA	NA	NA	NA	NA	Origin	NA	NA	NA	NA	NA	NA
NMC-G1	NA	NA	NA	NA	NA	NA	NA	NA	NA	NA	NA	Origin	NA
SW1783	NA	NA	NA	NA	NA	NA	NA	NA	NA	NA	NA	Origin	NA
LU-165	NA	NA	NA	NA	NA	NA	NA	NA	Origin	NA	NA	NA	NA
GR-ST	NA	NA	NA	NA	NA	NA	Origin	NA	NA	NA	NA	NA	NA
EKVX	NA	NA	NA	NA	NA	NA	NA	NA	Origin	NA	NA	NA	NA
JVM-2	NA	NA	NA	NA	NA	NA	Origin	NA	NA	NA	NA	NA	NA
P12-ICHIKAWA	NA	NA	NA	NA	NA	NA	Origin	NA	NA	NA	NA	NA	NA
MKN7	NA	NA	NA	NA	NA	Origin	NA	NA	NA	NA	NA	NA	NA
SK-N-DZ	NA	NA	NA	NA	NA	NA	NA	NA	NA	NA	NA	Origin	NA
HT-1197	NA	Origin	NA	NA	NA	NA	NA	NA	NA	NA	NA	NA	NA
LC-2-ad	NA	NA	NA	NA	NA	NA	NA	NA	Origin	NA	NA	NA	NA
SW948	NA	NA	NA	NA	NA	Origin	NA	NA	NA	NA	NA	NA	NA
NCI-H2052	NA	NA	NA	NA	NA	NA	NA	NA	Origin	NA	NA	NA	NA
NCI-H441	NA	NA	NA	NA	NA	NA	NA	NA	Origin	NA	NA	NA	NA
D-392MG	NA	NA	NA	NA	NA	NA	NA	NA	NA	NA	NA	Origin	NA
Detroit562	NA	NA	NA	NA	NA	NA	NA	NA	NA	NA	NA	NA	Origin
D-423MG	NA	NA	NA	NA	NA	NA	NA	NA	NA	NA	NA	Origin	NA
SK-N-AS	NA	NA	NA	NA	NA	NA	NA	NA	NA	NA	NA	Origin	NA
VM-CUB-1	NA	Origin	NA	NA	NA	NA	NA	NA	NA	NA	NA	NA	NA
PANC-08-13	NA	NA	NA	NA	Origin	NA	NA	NA	NA	NA	NA	NA	NA
RVH-421	NA	NA	NA	Origin	NA	NA	NA	NA	NA	NA	NA	NA	NA
TYK-nu	NA	Origin	NA	NA	NA	NA	NA	NA	NA	NA	NA	NA	NA
CAMA-1	Origin	NA	NA	NA	NA	NA	NA	NA	NA	NA	NA	NA	NA
SW982	NA	NA	NA	NA	NA	NA	NA	NA	NA	NA	Origin	NA	NA
UM-UC-3	NA	Origin	NA	NA	NA	NA	NA	NA	NA	NA	NA	NA	NA
8-MG-BA	NA	NA	NA	NA	NA	NA	NA	NA	NA	NA	NA	Origin	NA
NCI-H1623	NA	NA	NA	NA	NA	NA	NA	NA	Origin	NA	NA	NA	NA
23132-87	NA	NA	NA	NA	NA	Origin	NA	NA	NA	NA	NA	NA	NA
LB2241-RCC	NA	NA	NA	NA	NA	NA	NA	NA	NA	Origin	NA	NA	NA
OC-314	NA	Origin	NA	NA	NA	NA	NA	NA	NA	NA	NA	NA	NA
SW626	NA	Origin	NA	NA	NA	NA	NA	NA	NA	NA	NA	NA	NA
TE-9	NA	NA	NA	NA	NA	NA	NA	NA	NA	NA	NA	NA	Origin
HCC1954	Origin	NA	NA	NA	NA	NA	NA	NA	NA	NA	NA	NA	NA
D-336MG	NA	NA	NA	NA	NA	NA	NA	NA	NA	NA	NA	Origin	NA
NCI-H1155	NA	NA	NA	NA	NA	NA	NA	NA	Origin	NA	NA	NA	NA
NB7	NA	NA	NA	NA	NA	NA	NA	NA	NA	NA	NA	Origin	NA
D-566MG	NA	NA	NA	NA	NA	NA	NA	NA	NA	NA	NA	Origin	NA
NCI-H810	NA	NA	NA	NA	NA	NA	NA	NA	Origin	NA	NA	NA	NA
KYSE-520	NA	NA	NA	NA	NA	NA	NA	NA	NA	NA	NA	NA	Origin
OE19	NA	NA	NA	NA	NA	NA	NA	NA	NA	NA	NA	NA	Origin
COLO-741	NA	NA	NA	NA	NA	Origin	NA	NA	NA	NA	NA	NA	NA
SAS	NA	NA	NA	NA	NA	NA	NA	NA	NA	NA	NA	NA	Origin
HCC70	Origin	NA	NA	NA	NA	NA	NA	NA	NA	NA	NA	NA	NA
SW13	NA	NA	NA	NA	NA	NA	NA	NA	NA	Origin	NA	NA	NA
NCI-H2107	NA	NA	NA	NA	NA	NA	NA	NA	Origin	NA	NA	NA	NA
DU-4475	Origin	NA	NA	NA	NA	NA	NA	NA	NA	NA	NA	NA	NA
HuO-3N1	NA	NA	Origin	NA	NA	NA	NA	NA	NA	NA	NA	NA	NA
NCI-H719	NA	NA	NA	NA	NA	NA	NA	NA	Origin	NA	NA	NA	NA
IMR-5	NA	NA	NA	NA	NA	NA	NA	NA	NA	NA	NA	Origin	NA
KYSE-450	NA	NA	NA	NA	NA	NA	NA	NA	NA	NA	NA	NA	Origin
SiHa	NA	Origin	NA	NA	NA	NA	NA	NA	NA	NA	NA	NA	NA
ST486	NA	NA	NA	NA	NA	NA	Origin	NA	NA	NA	NA	NA	NA
HuP-T4	NA	NA	NA	NA	Origin	NA	NA	NA	NA	NA	NA	NA	NA
NCI-H1755	NA	NA	NA	NA	NA	NA	NA	NA	Origin	NA	NA	NA	NA
NCI-H526	NA	NA	NA	NA	NA	NA	NA	NA	Origin	NA	NA	NA	NA
K052	NA	NA	NA	NA	NA	NA	Origin	NA	NA	NA	NA	NA	NA
DV-90	NA	NA	NA	NA	NA	NA	NA	NA	Origin	NA	NA	NA	NA
TE-11	NA	NA	NA	NA	NA	NA	NA	NA	NA	NA	NA	NA	Origin
HSC-3	NA	NA	NA	NA	NA	NA	NA	NA	NA	NA	NA	NA	Origin
BEN	NA	NA	NA	NA	NA	NA	NA	NA	Origin	NA	NA	NA	NA
BB49-HNC	NA	NA	NA	NA	NA	NA	NA	NA	NA	NA	NA	NA	Origin
SW1710	NA	Origin	NA	NA	NA	NA	NA	NA	NA	NA	NA	NA	NA
PLC-PRF-5	NA	NA	NA	NA	NA	Origin	NA	NA	NA	NA	NA	NA	NA
GDM-1	NA	NA	NA	NA	NA	NA	Origin	NA	NA	NA	NA	NA	NA
A375	NA	NA	NA	Origin	NA	NA	NA	NA	NA	NA	NA	NA	NA
SCC-3	NA	NA	NA	NA	NA	NA	Origin	NA	NA	NA	NA	NA	NA
NEC8	NA	Origin	NA	NA	NA	NA	NA	NA	NA	NA	NA	NA	NA
SF295	NA	NA	NA	NA	NA	NA	NA	NA	NA	NA	NA	Origin	NA
BB65-RCC	NA	NA	NA	NA	NA	NA	NA	NA	NA	Origin	NA	NA	NA
ECC4	NA	NA	NA	NA	NA	Origin	NA	NA	NA	NA	NA	NA	NA
ATN-1	NA	NA	NA	NA	NA	NA	Origin	NA	NA	NA	NA	NA	NA
NCI-H2030	NA	NA	NA	NA	NA	NA	NA	NA	Origin	NA	NA	NA	NA
HCC1419	Origin	NA	NA	NA	NA	NA	NA	NA	NA	NA	NA	NA	NA
NB6	NA	NA	NA	NA	NA	NA	NA	NA	NA	NA	NA	Origin	NA
MDA-MB-134-VI	Origin	NA	NA	NA	NA	NA	NA	NA	NA	NA	NA	NA	NA
MZ1-PC	NA	NA	NA	NA	Origin	NA	NA	NA	NA	NA	NA	NA	NA
NCI-H522	NA	NA	NA	NA	NA	NA	NA	NA	Origin	NA	NA	NA	NA
KNS-81-FD	NA	NA	NA	NA	NA	NA	NA	NA	NA	NA	NA	Origin	NA
NCI-H716	NA	NA	NA	NA	NA	Origin	NA	NA	NA	NA	NA	NA	NA
A388	NA	NA	NA	Origin	NA	NA	NA	NA	NA	NA	NA	NA	NA
TE-15	NA	NA	NA	NA	NA	NA	NA	NA	NA	NA	NA	NA	Origin
UACC-62	NA	NA	NA	Origin	NA	NA	NA	NA	NA	NA	NA	NA	NA
SW1990	NA	NA	NA	NA	Origin	NA	NA	NA	NA	NA	NA	NA	NA
NCI-H838	NA	NA	NA	NA	NA	NA	NA	NA	Origin	NA	NA	NA	NA
HOS	NA	NA	Origin	NA	NA	NA	NA	NA	NA	NA	NA	NA	NA
S-117	NA	NA	NA	NA	NA	NA	NA	Origin	NA	NA	NA	NA	NA
DSH1	NA	Origin	NA	NA	NA	NA	NA	NA	NA	NA	NA	NA	NA
NCI-H345	NA	NA	NA	NA	NA	NA	NA	NA	Origin	NA	NA	NA	NA
KP-4	NA	NA	NA	NA	Origin	NA	NA	NA	NA	NA	NA	NA	NA
NCI-H1563	NA	NA	NA	NA	NA	NA	NA	NA	Origin	NA	NA	NA	NA
EFO-21	NA	Origin	NA	NA	NA	NA	NA	NA	NA	NA	NA	NA	NA
NCI-H2452	NA	NA	NA	NA	NA	NA	NA	NA	Origin	NA	NA	NA	NA
UACC-893	Origin	NA	NA	NA	NA	NA	NA	NA	NA	NA	NA	NA	NA
SW1573	NA	NA	NA	NA	NA	NA	NA	NA	Origin	NA	NA	NA	NA
NH-12	NA	NA	NA	NA	NA	NA	NA	NA	NA	NA	NA	Origin	NA
MZ7-mel	NA	NA	NA	Origin	NA	NA	NA	NA	NA	NA	NA	NA	NA
SK-MM-2	NA	NA	NA	NA	NA	NA	Origin	NA	NA	NA	NA	NA	NA
M059J	NA	NA	NA	NA	NA	NA	NA	NA	NA	NA	NA	Origin	NA
D-542MG	NA	NA	NA	NA	NA	NA	NA	NA	NA	NA	NA	Origin	NA
OAW-42	NA	Origin	NA	NA	NA	NA	NA	NA	NA	NA	NA	NA	NA
SJSA-1	NA	NA	Origin	NA	NA	NA	NA	NA	NA	NA	NA	NA	NA
KARPAS-422	NA	NA	NA	NA	NA	NA	Origin	NA	NA	NA	NA	NA	NA
ME-180	NA	Origin	NA	NA	NA	NA	NA	NA	NA	NA	NA	NA	NA
SHP-77	NA	NA	NA	NA	NA	NA	NA	NA	Origin	NA	NA	NA	NA
EW-24	NA	NA	Origin	NA	NA	NA	NA	NA	NA	NA	NA	NA	NA
RCM-1	NA	NA	NA	NA	NA	Origin	NA	NA	NA	NA	NA	NA	NA
KP-N-RT-BM-1	NA	NA	NA	NA	NA	NA	NA	NA	NA	NA	NA	Origin	NA
CAKI-1	NA	NA	NA	NA	NA	NA	NA	NA	NA	Origin	NA	NA	NA
OVCAR-8	NA	Origin	NA	NA	NA	NA	NA	NA	NA	NA	NA	NA	NA
PF-382	NA	NA	NA	NA	NA	NA	Origin	NA	NA	NA	NA	NA	NA
DG-75	NA	NA	NA	NA	NA	NA	Origin	NA	NA	NA	NA	NA	NA
NCI-H2081	NA	NA	NA	NA	NA	NA	NA	NA	Origin	NA	NA	NA	NA
DMS-273	NA	NA	NA	NA	NA	NA	NA	NA	Origin	NA	NA	NA	NA
TE-12	NA	NA	NA	NA	NA	NA	NA	NA	NA	NA	NA	NA	Origin
KYSE-150	NA	NA	NA	NA	NA	NA	NA	NA	NA	NA	NA	NA	Origin
CPC-N	NA	NA	NA	NA	NA	NA	NA	NA	Origin	NA	NA	NA	NA
TGBC11TKB	NA	NA	NA	NA	NA	Origin	NA	NA	NA	NA	NA	NA	NA
AU565	Origin	NA	NA	NA	NA	NA	NA	NA	NA	NA	NA	NA	NA
EW-12	NA	NA	Origin	NA	NA	NA	NA	NA	NA	NA	NA	NA	NA
Saos-2	NA	NA	Origin	NA	NA	NA	NA	NA	NA	NA	NA	NA	NA
AsPC-1	NA	NA	NA	NA	Origin	NA	NA	NA	NA	NA	NA	NA	NA
NCI-H661	NA	NA	NA	NA	NA	NA	NA	NA	Origin	NA	NA	NA	NA
MZ2-MEL	NA	NA	NA	Origin	NA	NA	NA	NA	NA	NA	NA	NA	NA
HT-1080	NA	NA	NA	NA	NA	NA	NA	NA	NA	NA	Origin	NA	NA
BV-173	NA	NA	NA	NA	NA	NA	Origin	NA	NA	NA	NA	NA	NA
A4-Fuk	NA	NA	NA	NA	NA	NA	Origin	NA	NA	NA	NA	NA	NA
OCUB-M	Origin	NA	NA	NA	NA	NA	NA	NA	NA	NA	NA	NA	NA
RXF393	NA	NA	NA	NA	NA	NA	NA	NA	NA	Origin	NA	NA	NA
U-266	NA	NA	NA	NA	NA	NA	Origin	NA	NA	NA	NA	NA	NA
MC116	NA	NA	NA	NA	NA	NA	Origin	NA	NA	NA	NA	NA	NA
SCC-4	NA	NA	NA	NA	NA	NA	NA	NA	NA	NA	NA	NA	Origin
NCI-H226	NA	NA	NA	NA	NA	NA	NA	NA	Origin	NA	NA	NA	NA
NCI-H2141	NA	NA	NA	NA	NA	NA	NA	NA	Origin	NA	NA	NA	NA
A431	NA	NA	NA	Origin	NA	NA	NA	NA	NA	NA	NA	NA	NA
SN12C	NA	NA	NA	NA	NA	NA	NA	NA	NA	Origin	NA	NA	NA
LP-1	NA	NA	NA	NA	NA	NA	Origin	NA	NA	NA	NA	NA	NA
KINGS-1	NA	NA	NA	NA	NA	NA	NA	NA	NA	NA	NA	Origin	NA
A498	NA	NA	NA	NA	NA	NA	NA	NA	NA	Origin	NA	NA	NA
COLO-205	NA	NA	NA	NA	NA	Origin	NA	NA	NA	NA	NA	NA	NA
HDLM-2	NA	NA	NA	NA	NA	NA	Origin	NA	NA	NA	NA	NA	NA
SK-MES-1	NA	NA	NA	NA	NA	NA	NA	NA	Origin	NA	NA	NA	NA
D-283MED	NA	NA	NA	NA	NA	NA	NA	NA	NA	NA	NA	Origin	NA
YT	NA	NA	NA	NA	NA	NA	Origin	NA	NA	NA	NA	NA	NA
KNS-42	NA	NA	NA	NA	NA	NA	NA	NA	NA	NA	NA	Origin	NA
8305C	NA	NA	NA	NA	NA	NA	NA	Origin	NA	NA	NA	NA	NA
A427	NA	NA	NA	NA	NA	NA	NA	NA	Origin	NA	NA	NA	NA
NCI-H23	NA	NA	NA	NA	NA	NA	NA	NA	Origin	NA	NA	NA	NA
NCI-H378	NA	NA	NA	NA	NA	NA	NA	NA	Origin	NA	NA	NA	NA
NCI-H2029	NA	NA	NA	NA	NA	NA	NA	NA	Origin	NA	NA	NA	NA
CAL-62	NA	NA	NA	NA	NA	NA	NA	Origin	NA	NA	NA	NA	NA
IST-SL2	NA	NA	NA	NA	NA	NA	NA	NA	Origin	NA	NA	NA	NA
NCI-SNU-1	NA	NA	NA	NA	NA	Origin	NA	NA	NA	NA	NA	NA	NA
KG-1	NA	NA	NA	NA	NA	NA	Origin	NA	NA	NA	NA	NA	NA
HH	NA	NA	NA	NA	NA	NA	Origin	NA	NA	NA	NA	NA	NA
NCI-H2405	NA	NA	NA	NA	NA	NA	NA	NA	Origin	NA	NA	NA	NA
LK-2	NA	NA	NA	NA	NA	NA	NA	NA	Origin	NA	NA	NA	NA
KYSE-510	NA	NA	NA	NA	NA	NA	NA	NA	NA	NA	NA	NA	Origin
REH	NA	NA	NA	NA	NA	NA	Origin	NA	NA	NA	NA	NA	NA
FTC-133	NA	NA	NA	NA	NA	NA	NA	Origin	NA	NA	NA	NA	NA
OAW-28	NA	Origin	NA	NA	NA	NA	NA	NA	NA	NA	NA	NA	NA
EM-2	NA	NA	NA	NA	NA	NA	Origin	NA	NA	NA	NA	NA	NA
H9	NA	NA	NA	NA	NA	NA	Origin	NA	NA	NA	NA	NA	NA
MHH-CALL-2	NA	NA	NA	NA	NA	NA	Origin	NA	NA	NA	NA	NA	NA
ES7	NA	NA	Origin	NA	NA	NA	NA	NA	NA	NA	NA	NA	NA
HEL	NA	NA	NA	NA	NA	NA	Origin	NA	NA	NA	NA	NA	NA
COLO-320-HSR	NA	NA	NA	NA	NA	Origin	NA	NA	NA	NA	NA	NA	NA
C32	NA	NA	NA	Origin	NA	NA	NA	NA	NA	NA	NA	NA	NA
MEL-HO	NA	NA	NA	Origin	NA	NA	NA	NA	NA	NA	NA	NA	NA
BOKU	NA	Origin	NA	NA	NA	NA	NA	NA	NA	NA	NA	NA	NA
TE-1	NA	NA	NA	NA	NA	NA	NA	NA	NA	NA	NA	NA	Origin
NCI-H1703	NA	NA	NA	NA	NA	NA	NA	NA	Origin	NA	NA	NA	NA
LU-135	NA	NA	NA	NA	NA	NA	NA	NA	Origin	NA	NA	NA	NA
NCI-H2122	NA	NA	NA	NA	NA	NA	NA	NA	Origin	NA	NA	NA	NA
SKG-IIIa	NA	Origin	NA	NA	NA	NA	NA	NA	NA	NA	NA	NA	NA
SK-CO-1	NA	NA	NA	NA	NA	Origin	NA	NA	NA	NA	NA	NA	NA
HAL-01	NA	NA	NA	NA	NA	NA	Origin	NA	NA	NA	NA	NA	NA
HOP-92	NA	NA	NA	NA	NA	NA	NA	NA	Origin	NA	NA	NA	NA
MKN45	NA	NA	NA	NA	NA	Origin	NA	NA	NA	NA	NA	NA	NA
CESS	NA	NA	NA	NA	NA	NA	Origin	NA	NA	NA	NA	NA	NA
G-401	NA	NA	NA	NA	NA	NA	NA	NA	NA	Origin	NA	NA	NA
NCI-H2228	NA	NA	NA	NA	NA	NA	NA	NA	Origin	NA	NA	NA	NA
BxPC-3	NA	NA	NA	NA	Origin	NA	NA	NA	NA	NA	NA	NA	NA
HuO9	NA	NA	Origin	NA	NA	NA	NA	NA	NA	NA	NA	NA	NA
DMS-53	NA	NA	NA	NA	NA	NA	NA	NA	Origin	NA	NA	NA	NA
SW1463	NA	NA	NA	NA	NA	Origin	NA	NA	NA	NA	NA	NA	NA
OPM-2	NA	NA	NA	NA	NA	NA	Origin	NA	NA	NA	NA	NA	NA
RCC10RGB	NA	NA	NA	NA	NA	NA	NA	NA	NA	Origin	NA	NA	NA
5637	NA	Origin	NA	NA	NA	NA	NA	NA	NA	NA	NA	NA	NA
JiyoyeP-2003	NA	NA	NA	NA	NA	NA	Origin	NA	NA	NA	NA	NA	NA
HCC1937	Origin	NA	NA	NA	NA	NA	NA	NA	NA	NA	NA	NA	NA
NCI-H747	NA	NA	NA	NA	NA	Origin	NA	NA	NA	NA	NA	NA	NA
L-540	NA	NA	NA	NA	NA	NA	Origin	NA	NA	NA	NA	NA	NA
Caov-3	NA	Origin	NA	NA	NA	NA	NA	NA	NA	NA	NA	NA	NA
CCRF-CEM	NA	NA	NA	NA	NA	NA	Origin	NA	NA	NA	NA	NA	NA
MDA-MB-468	Origin	NA	NA	NA	NA	NA	NA	NA	NA	NA	NA	NA	NA
HCE-4	NA	NA	NA	NA	NA	NA	NA	NA	NA	NA	NA	NA	Origin
MDA-MB-157	Origin	NA	NA	NA	NA	NA	NA	NA	NA	NA	NA	NA	NA
COLO-680N	NA	NA	NA	NA	NA	NA	NA	NA	NA	NA	NA	NA	Origin
KM-H2	NA	NA	NA	NA	NA	NA	Origin	NA	NA	NA	NA	NA	NA
NB10	NA	NA	NA	NA	NA	NA	NA	NA	NA	NA	NA	Origin	NA
RPMI-7951	NA	NA	NA	Origin	NA	NA	NA	NA	NA	NA	NA	NA	NA
SK-NEP-1	NA	NA	NA	NA	NA	NA	NA	NA	NA	Origin	NA	NA	NA
NCI-H1573	NA	NA	NA	NA	NA	NA	NA	NA	Origin	NA	NA	NA	NA
GT3TKB	NA	NA	NA	NA	NA	Origin	NA	NA	NA	NA	NA	NA	NA
KLE	NA	Origin	NA	NA	NA	NA	NA	NA	NA	NA	NA	NA	NA
NCI-H69	NA	NA	NA	NA	NA	NA	NA	NA	Origin	NA	NA	NA	NA
TC-YIK	NA	Origin	NA	NA	NA	NA	NA	NA	NA	NA	NA	NA	NA
K5	NA	NA	NA	NA	NA	NA	NA	Origin	NA	NA	NA	NA	NA
EVSA-T	Origin	NA	NA	NA	NA	NA	NA	NA	NA	NA	NA	NA	NA
SK-MEL-5	NA	NA	NA	Origin	NA	NA	NA	NA	NA	NA	NA	NA	NA
HCC2157	Origin	NA	NA	NA	NA	NA	NA	NA	NA	NA	NA	NA	NA
RO82-W-1	NA	NA	NA	NA	NA	NA	NA	Origin	NA	NA	NA	NA	NA
KY821	NA	NA	NA	NA	NA	NA	Origin	NA	NA	NA	NA	NA	NA
NCI-H1522	NA	NA	NA	NA	NA	NA	NA	NA	Origin	NA	NA	NA	NA
BC-1	NA	NA	NA	NA	NA	NA	Origin	NA	NA	NA	NA	NA	NA
VMRC-RCZ	NA	NA	NA	NA	NA	NA	NA	NA	NA	Origin	NA	NA	NA
T84	NA	NA	NA	NA	NA	Origin	NA	NA	NA	NA	NA	NA	NA
K-562	NA	NA	NA	NA	NA	NA	Origin	NA	NA	NA	NA	NA	NA
M14	NA	NA	NA	Origin	NA	NA	NA	NA	NA	NA	NA	NA	NA
ES5	NA	NA	Origin	NA	NA	NA	NA	NA	NA	NA	NA	NA	NA
BHY	NA	NA	NA	NA	NA	NA	NA	NA	NA	NA	NA	NA	Origin
MKN1	NA	NA	NA	NA	NA	Origin	NA	NA	NA	NA	NA	NA	NA
EW-13	NA	NA	Origin	NA	NA	NA	NA	NA	NA	NA	NA	NA	NA
D-502MG	NA	NA	NA	NA	NA	NA	NA	NA	NA	NA	NA	Origin	NA
HT	NA	NA	NA	NA	NA	NA	Origin	NA	NA	NA	NA	NA	NA
P31-FUJ	NA	NA	NA	NA	NA	NA	Origin	NA	NA	NA	NA	NA	NA
EoL-1-cell	NA	NA	NA	NA	NA	NA	Origin	NA	NA	NA	NA	NA	NA
EW-11	NA	NA	Origin	NA	NA	NA	NA	NA	NA	NA	NA	NA	NA
KURAMOCHI	NA	Origin	NA	NA	NA	NA	NA	NA	NA	NA	NA	NA	NA
SU-DHL-1	NA	NA	NA	NA	NA	NA	Origin	NA	NA	NA	NA	NA	NA
LS-123	NA	NA	NA	NA	NA	Origin	NA	NA	NA	NA	NA	NA	NA
SNU-449	NA	NA	NA	NA	NA	Origin	NA	NA	NA	NA	NA	NA	NA
MHH-PREB-1	NA	NA	NA	NA	NA	NA	Origin	NA	NA	NA	NA	NA	NA
TE-6	NA	NA	NA	NA	NA	NA	NA	NA	NA	NA	NA	NA	Origin
no-10	NA	NA	NA	NA	NA	NA	NA	NA	NA	NA	NA	Origin	NA
HD-MY-Z	NA	NA	NA	NA	NA	NA	Origin	NA	NA	NA	NA	NA	NA
DJM-1	NA	NA	NA	Origin	NA	NA	NA	NA	NA	NA	NA	NA	NA
IGROV-1	NA	Origin	NA	NA	NA	NA	NA	NA	NA	NA	NA	NA	NA
COLO-829	NA	NA	NA	Origin	NA	NA	NA	NA	NA	NA	NA	NA	NA
DoTc2-4510	NA	Origin	NA	NA	NA	NA	NA	NA	NA	NA	NA	NA	NA
ES4	NA	NA	Origin	NA	NA	NA	NA	NA	NA	NA	NA	NA	NA
HCC1187	Origin	NA	NA	NA	NA	NA	NA	NA	NA	NA	NA	NA	NA
KNS-62	NA	NA	NA	NA	NA	NA	NA	NA	Origin	NA	NA	NA	NA
GAMG	NA	NA	NA	NA	NA	NA	NA	NA	NA	NA	NA	Origin	NA
NCI-H1618	NA	NA	NA	NA	NA	NA	NA	NA	Origin	NA	NA	NA	NA
ML-2	NA	NA	NA	NA	NA	NA	Origin	NA	NA	NA	NA	NA	NA
QIMR-WIL	NA	NA	NA	NA	NA	NA	Origin	NA	NA	NA	NA	NA	NA
NCI-H446	NA	NA	NA	NA	NA	NA	NA	NA	Origin	NA	NA	NA	NA
SW1088	NA	NA	NA	NA	NA	NA	NA	NA	NA	NA	NA	Origin	NA
LN-405	NA	NA	NA	NA	NA	NA	NA	NA	NA	NA	NA	Origin	NA
Calu-3	NA	NA	NA	NA	NA	NA	NA	NA	Origin	NA	NA	NA	NA
NCI-H1882	NA	NA	NA	NA	NA	NA	NA	NA	Origin	NA	NA	NA	NA
LNCaP-Clone-FGC	NA	Origin	NA	NA	NA	NA	NA	NA	NA	NA	NA	NA	NA
MFM-223	Origin	NA	NA	NA	NA	NA	NA	NA	NA	NA	NA	NA	NA
U-2-OS	NA	NA	Origin	NA	NA	NA	NA	NA	NA	NA	NA	NA	NA
BHT-101	NA	NA	NA	NA	NA	NA	NA	Origin	NA	NA	NA	NA	NA
ACN	NA	NA	NA	NA	NA	NA	NA	NA	NA	NA	NA	Origin	NA
CaR-1	NA	NA	NA	NA	NA	Origin	NA	NA	NA	NA	NA	NA	NA
UACC-812	Origin	NA	NA	NA	NA	NA	NA	NA	NA	NA	NA	NA	NA
HCC1395	Origin	NA	NA	NA	NA	NA	NA	NA	NA	NA	NA	NA	NA
GOTO	NA	NA	NA	NA	NA	NA	NA	NA	NA	NA	NA	Origin	NA
KYSE-140	NA	NA	NA	NA	NA	NA	NA	NA	NA	NA	NA	NA	Origin
KMS-12-PE	NA	NA	NA	NA	NA	NA	Origin	NA	NA	NA	NA	NA	NA
EGI-1	NA	NA	NA	NA	NA	Origin	NA	NA	NA	NA	NA	NA	NA
MN-60	NA	NA	NA	NA	NA	NA	Origin	NA	NA	NA	NA	NA	NA
DU-145	NA	Origin	NA	NA	NA	NA	NA	NA	NA	NA	NA	NA	NA
EW-7	NA	NA	Origin	NA	NA	NA	NA	NA	NA	NA	NA	NA	NA
CAL-39	NA	Origin	NA	NA	NA	NA	NA	NA	NA	NA	NA	NA	NA
HN	NA	NA	NA	NA	NA	NA	NA	NA	NA	NA	NA	NA	Origin
NCI-H2126	NA	NA	NA	NA	NA	NA	NA	NA	Origin	NA	NA	NA	NA
LS-411N	NA	NA	NA	NA	NA	Origin	NA	NA	NA	NA	NA	NA	NA
DB	NA	NA	NA	NA	NA	NA	Origin	NA	NA	NA	NA	NA	NA
UMC-11	NA	NA	NA	NA	NA	NA	NA	NA	Origin	NA	NA	NA	NA
CFPAC-1	NA	NA	NA	NA	Origin	NA	NA	NA	NA	NA	NA	NA	NA
BCPAP	NA	NA	NA	NA	NA	NA	NA	Origin	NA	NA	NA	NA	NA
DK-MG	NA	NA	NA	NA	NA	NA	NA	NA	NA	NA	NA	Origin	NA
